codigo,razao_social,cidade,estado
100984,WELLINGTON DOS SANTOS VIEIRA,MONTE ALTO,SP
101391,REGINA SCHMIDT,MASSARANDUBA,SC
102611,METALURGICA SARAIVA INDUSTRIA E COMERCIO LTDA,BIGUACU,SC
100240,FENIX SOLUCOES INDUSTRIAIS,SERTAOZINHO,SP
100299,JOSE ANTONIO SANCHES,CATANDUVA,SP
101622,LUFER INDUSTRIA MECANICA LTDA,SAO JOSE DOS PINHAIS,PR
100348,PAULO MOCOCA,MOCOCA,SP
100550,CELSO RICARDO GENEROSO DA SILVA,GUARIBA,SP
102586,NOVA A3 INDUSTRIA E COMERCIO LTDA,AREAL,RJ
100715,ROMITEC MANUTENCAO E COMERCIO DE MAQUINAS LTDA,CURITIBA,PR
101417,GILNEI BRAGA,SAPUCAIA DO SUL,RS
100870,ANDRE RAMBO,CAPELA DE SANTANA,RS
100957,SLG FERRAMENTARIA LTDA ME,VARGEM GRANDE DO SUL,SP
100964,ENGC ENGENHARIA E CONSTRUCOES LTDA,LIMEIRA,SP
100967,SCOTTECH IND E COM DE MAQ E EQU INDUSTRIAIS LTDA,VINHEDO,SP
100969,TECNO TOOLS FERRAMENTAS E ABRASIVOS LTDA,ITU,SP
100972,HIDROPARTS METALURGICA LTDA.,SAO PAULO,SP
100973,ATUAL SP COMERCIO DE FERRAMENTAS E EQUIPAMENTOS LT,SAO PAULO,SP
100977,METALURGICA DUTRA E MATTOS LTDA - EPP,CATALAO,GO
100978,FRIGORIFICO AVICOLA VOTUPORANGA LTDA,VOTUPORANGA,SP
101001,MORELLI INDUSTRIA E COMERCIO DE PECAS AGRICOLAS,MATAO,SP
102067,E S ANDRADE EQUIPAMENTOS INDUSTRIAIS LTDA,ARARAS,SP
101152,ARISTIDES RUBIAO ALVES MEIRA,SAO PAULO,SP
101206,RODRIGO GUERINO PAUNA HILARIO,SAO JOSE DO RIO PRETO,SP
101222,ANTONIO ROBERTO PEREIRA,SAO PAULO,SP
101370,MARCOS MARCELO DE MORAIS OLIVEIRA,CAXIAS DO SUL,RS
101389,MATHEUS WILLIAM FERREIRA,CONTAGEM,MG
101420,CLODOALDO ANTONIO FERRARI,BRAGANCA PAULISTA,SP
101427,ALEXANDRO SILVA,CACHOEIRINHA,RS
101442,VALDIR ANTONIO LECHETA,PINHAIS,PR
101444,LUIS MAURO SANTOS DA SILVA JUNIOR,RIO DE JANEIRO,RJ
101447,MAQFUSOS SISTEMAS INDUSTRIAIS LTDA,VOTORANTIM,SP
101449,TECNOMETAIS USINADOS LTDA,CAMPINAS,SP
101450,JULIANA VENTURA,INDAIATUBA,SP
101452,AGM SERVICES USINAGEM DE PRECISAO EIRELI EPP,DUQUE DE CAXIAS,RJ
101458,INDUSTRIA MECANICA ANGULO LTDA ME,CONTAGEM,MG
101471,RODRIGO CHINELATTO DE AQUINO,CURITIBA,PR
101483,LEONARDO ESTEVES MUSSEL,CONTAGEM,MG
101487,ANA PAULA FERREIRA RIBEIRO,SAO PAULO,SP
101488,USINESES - USINAGEM DE PRECISAO LTDA,LIMEIRA,SP
101490,ROBERTO C F SOUZA,SAO JOSE DOS CAMPOS,SP
101498,GOBBO & BOSCAINI LTDA,CARLOS BARBOSA,RS
101506,ELTON ANTONIO RODRIGUES,CHAPECO,SC
101524,RAFAEL GONCALVES NAZARENO,PEDRO LEOPOLDO,MG
101538,FARB INSTALACAO DE MAQUINAS LTDA,RIBEIRAO PRETO,SP
101543,SEMI INDUSTRIAL LTDA,SAO JOSE DOS PINHAIS,PR
101552,AEPI DO BRASIL INDUSTRIA E COMERCIO LTDA,ITAPEVI,SP
101562,METALURGICA SOARES INDUSTRIA E COMERCIO LTDA,ITAUNA,MG
101566,HOSPIMETAL IND. MET. DE EQUIP. HOSPITALARES LTDA,ARAAATUBA,SP
101569,MDA DO BRASIL INDUSTRIA E COMERCIO EIRELLI EPP,SOROCABA,SP
101573,ENGELMAQ MANUTENCAO DE MAQ. E EQUIP. LTDA EPP,VALINHOS,SP
101575,CONSILOS INDUSTRIAL LTDA,CASCAVEL,PR
101576,HIDRO JET EQUIPAMENTOS HIDRAULICOS LTDA,FELIZ,RS
101580,PLASTICOS MB LTDA,PEDREIRA,SP
101581,CORTAG INDUSTRIA E COMERCIO LTDA,MOJI MIRIM,SP
101582,GUSTAVO MOURA,LIMEIRA,SP
101583,SNUBBER INDUSTRIA E COMERCIO EIRELI,DIADEMA,SP
101586,ABC INCOMPANY MATERIAIS REP. E OPER. EIRELI,SUZANO,SP
101588,AGROTEK TRANSMISSOES INDUSTRIAL LTDA,SAPIRANGA,RS
101591,SCHEFFER LOGISTICA E AUOMACAO LTDA,PONTA GROSSA,PR
101593,ARTE USINAGEM INDUSTRIAL LTDA,CONTAGEM,MG
101594,TRIMETAL BENEFICIAMENTOS LTDA,CAXIAS DO SUL,RS
101598,FORCE COMPONENTES AGRICOLAS LTDA,MATAO,SP
101599,METALURGICA INCA LTDA,MOCOCA,SP
101600,RODRIGO LOVEZUTTI CONTIERI,LIMEIRA,SP
101602,RODOTRAC RODAS DE TRATORES LTDA,IRACEMAPOLIS,SP
101603,RODAROS INDUSTRIA DE RODAS LTDA,VACARIA,RS
101608,FELIPE CONTIERI,LIMEIRA,SP
101610,FIOTI AUTOMACAO E EQUIPAMENTOS INDUSTRIAIS - ME,SAO PAULO,SP
101611,PAULO AFONSO ANDRADE DE FREITAS,SAPUCAIA DO SUL,RS
101612,RS MAQUINAS EIRELI ME,SUZANO,SP
101613,ENGEPORT FABR. AUTOM. PARA PORTOES COMP. EIRELI,BRASILIA,DF
101614,MARELLI COFAP DO BRASIL LTDA,LAVRAS,MG
101615,MGN INDUSTRIA METALURGICA LTDA,ITAJAI,SC
101616,MAGTRON ELETRO ELETRONICA LTDA,SAO PAULO,SP
101620,CRISTIANO HORTENCIO PIMENTA ME,VARGINHA,MG
101627,MH EQUIPAMENTOS E SERVICOS LTDA,SOROCABA,SP
101628,AISIN AUTOMOTIVE LTDA.,ITU,SP
101631,INDUSTRIA DE EMBALAGENS PLASTICAS GUARA LTDA,CRICIUMA,SC
101634,A. J. C. USINAGEM EIRELI,RIBEIRAO PRETO,SP
101636,EROS ALTO FALANTES LTDA,PRESIDENTE PRUDENTE,SP
101638,FMG COMERCIO DE FERRO LIGAS EIRELI,PIRACICABA,SP
101640,FORTALE USINAGEM E FERRAMENTARIA LTDA,AMERICANA,SP
101650,DRAVA METAIS LTDA,SAO PAULO,SP
101654,GENESIO CORDEIRO DE ARAUJO FILHO,SAO PAULO,SP
101656,ROYALL DIAMOND FER DIAMANTADAS EIRELI,SAO PAULO,SP
101660,I.V.L. INDUSTRIAS VIEIRA LTDA,LAGARTO,SE
101676,TECELAGEM SAO JOAO DE TIETE LTDA,TIETE,SP
101678,PABLO PEREIRA SANTORO,MACAE,RJ
101680,TECNOMUNDI INDUSTRIA METALURGICA LTDA,MAUA,SP
101684,M.G.L. MECANICA DE PRECISAO EIRELI,CAMBE,PR
101686,BRAVA AUTOMACAO LTDA,NOVA ODESSA,SP
101689,STARA S.A. INDUSTRIA DE IMPLEMENTOS AGRICOLAS,NAO-ME-TOQUE,RS
101690,COMERCIAL ELETRICA SENIOR LTDA,CURITIBA,PR
101691,"A22 COMERCIO, IMPORTACAO E EXPORTACAO LTDA",SAO JOSE DOS CAMPOS,SP
101693,RENTELCK ELETRONICA INDUSTRIAL LTDA,SAO JOSE DOS CAMPOS,SP
101700,METALURGICA EXPOENTE LTDA,FAZENDA RIO GRANDE,PR
101703,ACCELL SOLUCOES PARA ENERGIA E AGUA LTDA,AMERICANA,SP
101707,STEEL CONNECT USINAGEM EIRELI ME,SOROCABA,SP
101710,KGM INDUSTRIA METALURGICA LTDA,SAO PAULO,SP
101712,TECSI - TECNOLOGIA E SOLUCOES INDUSTRIAIS LTDA,SAO BERNARDO DO CAMPO,SP
101715,MODERTECH ASSISTENCIA TEC. E REFORMA CNC LTDA ME,MATAO,SP
101717,ITP COMERCIO DE MAQUINAS LTDA ME,CAMPINAS,SP
101718,MECANICA CORAL E RONCHI LTDA,CRICIUMA,SC
101723,FREMONT AUTOMACAO INDUSTRIAL EIRELI,PIRACAIA,SP
101724,APE INDUSTRIA E COMERCIO LTDA,BAURU,SP
101742,LPK INDUSTRIA E COMERCIO LTDA,VESPASIANO,MG
101743,JT BOMBAS EIRELI,SAO LOURENCO DO OESTE,SC
101747,ACO PECAS DEMORE LTDA,CAXIAS DO SUL,RS
101750,SCHULZ COMPRESSORES LTDA,JOINVILLE,SC
101760,JOSIANE APARECIDA FERREIRA DA SILVA,ANAPOLIS,GO
101762,ELETROMOTORES BADAN LTDA,CAMPINAS,SP
101763,EXATA AUTOMACAO EIRELI,INDAIATUBA,SP
101766,ETEP INDUSTRIA METALURGICA LTDA,SALVADOR,BA
101767,GEOMINAS GEOLOGIA E CONSTRUTORA LTDA EPP,PARAUAPEBAS,PA
101768,ANTONIO MOISES SERAFIM,PARAUAPEBAS,PA
101769,E.C. DA SILVA E CIA LTDA,SALVADOR,BA
101773,TEKSID DO BRASIL LTDA,BETIM,MG
101778,JUNCAO ELETRO ELETRONICA EIRELI,SAO PAULO,SP
101783,BIRIGUI FIXADORES INDUSTRIAIS EIRELI EPP,BIRIGUI,SP
101793,LINTEC-IXON IND. E COM. MAQUINAS E EQUIP. LTDA,SANTA ROSA,RS
101797,NERIS ASSISTENCIA TECNICA SC LTDA,RIO DE JANEIRO,RJ
101810,METALURGICA FL LTDA,INDAIATUBA,SP
101847,ENGRECON S.A.,SANTANA DE PARNAIBA,SP
101853,TUBOSDRILL OILFIELD DO BRASIL EIRELI,MACAE,RJ
101858,PETROLEO BRASILEIRO S.A. PETROBRAS,RIO DE JANEIRO,RJ
101871,POSIMEC - INDUSTRIA E COMERCIO DE MAQUINAS E EQUIP,PEDERNEIRAS,SP
101872,HENGST INDUSTRIA DE FILTROS LTDA,JOINVILLE,SC
101873,BELLOTA BRASIL LTDA,INDAIAL,SC
101877,RCS FERRAMENTARIA LTDA,DIVINOPOLIS,MG
101880,MICROPARTS MODELACAO E PECAS LTDA,MARILIA,SP
101883,DANA INDUSTRIAS LTDA,SOROCABA,SP
101891,ALLSERVICE MANUTENCAO LTDA,GARUVA,SC
101892,ANGELUS PRIMA DENTAL LTDA,LONDRINA,PR
101893,FIVELTEC IND DE METAIS LTDA,BIRIGUI,SP
101895,DIOGO TEODORO DE ANDRADE,PEDERNEIRAS,SP
101896,POWER STOP INDUSTRIA E COMERCIO DE COMPONENTES AUT,LIMEIRA,SP
101899,MACHSERV AUTOMACAO E MANUTENCAO EM MAQUINAS CNC LT,JOINVILLE,SC
101901,VIDEPLAST INDUSTRIA DE EMBALAGENS LTDA,VIDEIRA,SC
101906,ASTECMA ASSISTENCIA TECNICA EM MAQUINAS DE PRECISA,OSASCO,SP
101911,TOOKCARE COM. VAREJISTA DO VESTUARIO EIRELI,FRANCA,SP
101915,RAK - INDUSTRIA DE FERRAGENS LTDA,SAO JOSE DOS PINHAIS,PR
101920,F.M.A. INDUSTRIAS MECANICAS LTDA.,MONTE ALTO,SP
101921,"ELETRO AREA DISTRIBUIDORA DE MOTORES, BOMBAS E MAT",MOGI GUACU,SP
101922,L&M COMERCIO DE PECAS LTDA,JARAGUA DO SUL,SC
101925,MATRIZFER FERRAMENTARIA DE PRECISAO LTDA,ARAUCARIA,PR
101929,ALL BATTERY C T DE AZEVEDO LTDA,SAO JOSE DOS CAMPOS,SP
101931,ADRIANO DE JESUS MOREIRA 27424565893,MONTE ALTO,SP
101932,NILSON KARPINSKI,CURITIBA,PR
101933,FAIR TRADE LTDA,FOZ DO IGUACU,PR
101936,HENNINGS VEDACOES HIDRAULICAS LTDA,BLUMENAU,SC
101939,MC SERVICE MAQUINAS LTDA,SANTA BARBARA D'OESTE,SP
101940,MARCCHI COMERCIO E SERVICOS LTDA,CABREUVA,SP
101948,NEWPOWER SISTEMAS DE ENERGIA S.A.,GUARULHOS,SP
101952,ALSTEN ELETRONICA INDUSTRIAL COMERCIO E SERVICOS L,BOITUVA,SP
101953,GRUPO GENNIUS BRASIL PRODUCAO E COMERCIALIZACAO DE,MONTE ALTO,SP
101954,HDT INDUSTRIA E COMERCIO DE MAQUINAS E EQUIPAMENTO,SAO PAULO,SP
101955,GFT PECAS E SUPRIMENTOS INDUSTRIAIS LTDA,SAO PAULO,SP
101957,MAXIDRIVE INDUSTRIA E COMERCIO DE MAQUINAS E EQUIP,LIMEIRA,SP
101959,ELETRORIO COMERCIAL ELETRICA LTDA,SANTO ANDRE,SP
101960,ONIX SOLUCOES INDUSTRIAIS LTDA.,SANTA BARBARA D'OESTE,SP
101962,ISOLET INDUSTRIA E COMERCIO LTDA,ITU,SP
101965,RUDLOFF INDUSTRIAL LTDA,CAMACARI,BA
101967,J B BRASIL INDUSTRIA E COMERCIO DE MOTOPECAS EIREL,MONTE ALTO,SP
